id,name,model_id/id,group_id/id,perm_read,perm_write,perm_create,perm_unlink
access_project_task_part_manager,access_project_task_part,model_project_task_part,project.group_project_manager,1,1,1,1
access_project_task_part_user,access_project_task_part,model_project_task_part,project.group_project_user,1,1,1,1

access_project_task_check_manager,access_project_task_check,model_project_task_check,project.group_project_manager,1,1,1,1
access_project_task_check_user,access_project_task_check,model_project_task_check,project.group_project_user,1,1,1,1

access_project_task_measurement_manager,access_project_task_measurement,model_project_task_measurement,project.group_project_manager,1,1,1,1
access_project_task_measurement_user,access_project_task_measurement,model_project_task_measurement,project.group_project_user,1,1,1,1

access_service_maintenance_type_user,access_service_maintenance_type_user,model_service_maintenance_type,base.group_user,1,0,0,0
access_service_maintenance_type_manager,access_service_maintenance_type_manager,model_service_maintenance_type,project.group_project_manager,1,1,1,1
access_service_maintenance_type_service_manager,access_service_maintenance_type_service_manager,model_service_maintenance_type,deltatech_service_base.group_service_manager,1,1,1,1
