id,name,model_id,group_id/id,operation,domain
access_service_equipment_public,access_service_equipment,service.equipment,base.group_user,r,
access_service_equipment_user,access_service_equipment,service.equipment,deltatech_service_base.group_service_user,cru,
access_service_equipment_manager,access_service_equipment,service.equipment,deltatech_service_base.group_service_manager,crud,
service_equipment_comp_rule,Service Equipment multi-company,service.equipment,,crud,"['|',('company_id','=',False),('company_id', 'in', company_ids)]"
access_service_location_public,access_service_location,service.location,base.group_user,r,
access_service_location_user,access_service_location,service.location,deltatech_service_base.group_service_user,cru,
access_service_location_manager,access_service_location,service.location,deltatech_service_base.group_service_manager,crud,
access_service_equipment_category_public,access_service_equipment_category,service.equipment.category,base.group_user,r,
access_service_equipment_category_user,access_service_equipment_category,service.equipment.category,deltatech_service_base.group_service_user,cru,
access_service_equipment_category_manager,access_service_equipment_category,service.equipment.category,deltatech_service_base.group_service_manager,crud,
access_service_equipment_type_public,access_service_equipment_type,service.equipment.type,base.group_user,r,
access_service_equipment_type_manager,access_service_equipment_type,service.equipment.type,deltatech_service_base.group_service_manager,crud,
access_service_meter_public,access_service_meter,service.meter,base.group_user,r,
access_service_meter_user,access_service_meter,service.meter,deltatech_service_base.group_service_user,crud,
service_meter_comp_rule,Service Meter multi-company,service.meter,,crud,"['|',('company_id','=',False),('company_id', 'in', company_ids)]"
access_service_meter_category_public,access_service_meter_category,service.meter.category,base.group_user,r,
access_service_meter_category_user,access_service_meter_category,service.meter.category,deltatech_service_base.group_service_user,crud,
access_service_meter_reading_public,access_service_meter_reading,service.meter.reading,base.group_user,r,
access_service_meter_reading_user,access_service_meter_reading,service.meter.reading,deltatech_service_base.group_service_user,cru,
access_service_meter_reading_manager,access_service_meter_reading,service.meter.reading,deltatech_service_base.group_service_manager,crud,
service_meter_reading_comp_rule,Service Meter Reading multi-company,service.meter.reading,,crud,"['|',('company_id','=',False),('company_id', 'in', company_ids)]"
access_service_enter_reading,access_service_enter_reading,service.enter.reading,base.group_user,crud,
access_service_enter_reading_item,access_service_enter_reading_item,service.enter.reading.item,base.group_user,crud,
access_service_equipment_model_manager,access_service_equipment_model,service.equipment.model,deltatech_service_base.group_service_manager,crud,
access_service_template_meter_manager,access_service_template_meter,service.template.meter,deltatech_service_base.group_service_manager,crud,
access_service_part_manager,access_service_part,service.part,deltatech_service_base.group_service_manager,crud,
access_service_part_template_manager,access_service_part_template,service.part.template,deltatech_service_base.group_service_manager,crud,
access_service_equipment_part_manager,access_service_equipment_part,service.equipment.part,deltatech_service_base.group_service_manager,crud,
access_service_check_manager,access_service_check,service.check,deltatech_service_base.group_service_manager,crud,
access_service_check_template_manager,access_service_check_template,service.check.template,deltatech_service_base.group_service_manager,crud,
access_service_equipment_check_manager,access_service_equipment_check,service.equipment.check,deltatech_service_base.group_service_manager,crud,
access_service_measurement_manager,access_service_measurement,service.measurement,deltatech_service_base.group_service_manager,crud,
access_service_measurement_template_manager,access_service_measurement_template,service.measurement.template,deltatech_service_base.group_service_manager,crud,
access_service_equipment_measurement_manager,access_service_equipment_measurement,service.equipment.measurement,deltatech_service_base.group_service_manager,crud,
